scenarios,sequential_time,ray_time,speedup
1000,0.7109065055847168,1.517756462097168,0.46839300199876466
5000,3.2836873531341553,1.8716833591461182,1.7544032419202618
10000,6.845673322677612,3.916579484939575,1.747870392775452
25000,16.352664470672607,9.380738735198975,1.7432171316437108
50000,33.70638942718506,18.769339561462402,1.7958218144442182
