Model,RMSE,Top1 Agreement (%),Training Time (s),Inference Time (s),Model Size (MB)
Random Forest,1.8825365102087663,81.38258716455866,127.53230857849121,0.0993494987487793,10.126099586486816
XGBoost,0.7122023672286856,90.40353342702268,9.748498439788818,0.0092010498046875,0.9105463027954102
